date,new_hires,resignations,total_employees,overtime_hours
2023-01-01,4.0,1,95,14.2
2023-01-02,4.0,3,97,48.0
2023-01-03,0.0,2,101,41.1
2023-01-04,3.0,2,108,40.6
2023-01-05,3.0,3,102,8.9
2023-01-06,0.0,0,97,10.2
2023-01-07,4.0,2,98,26.3
2023-01-08,2.0,3,109,0.2
2023-01-09,3.0,1,96,18.9
2023-01-10,1.0,0,96,15.9
2023-01-11,4.0,0,102,
2023-01-12,0.0,2,99,
2023-01-13,2.0,1,97,
2023-01-14,2.0,3,106,
2023-01-15,2.0,2,102,
2023-01-16,1.0,2,101,
2023-01-17,1.0,3,99,46.9
2023-01-18,2.0,1,97,6.2
2023-01-19,3.0,3,106,16.7
2023-01-20,1.0,3,106,6.0
2023-01-21,4.0,0,98,44.7
2023-01-22,4.0,2,95,28.4
2023-01-23,0.0,3,108,39.6
2023-01-24,0.0,0,100,45.9
2023-01-25,1.0,2,95,42.9
2023-01-26,2.0,1,101,38.7
2023-01-27,2.0,3,97,49.6
2023-01-28,3.0,0,102,18.1
2023-01-29,1.0,1,105,20.8
2023-01-30,3.0,3,108,10.2
2023-01-31,0.0,3,98,35.2
2023-02-01,1.0,1,96,21.8
2023-02-02,4.0,3,97,45.9
2023-02-03,0.0,1,99,11.0
2023-02-04,0.0,1,96,41.0
2023-02-05,3.0,0,105,13.1
2023-02-06,0.0,2,98,25.9
2023-02-07,4.0,0,99,39.9
2023-02-08,1.0,2,97,48.9
2023-02-09,0.0,1,107,49.9
2023-02-10,3.0,1,98,19.4
2023-02-11,2.0,2,99,49.1
2023-02-12,2.0,0,98,28.9
2023-02-13,1.0,0,108,19.4
2023-02-14,1.0,2,96,16.7
2023-02-15,2.0,0,108,4.8
2023-02-16,4.0,3,97,15.8
2023-02-17,0.0,2,106,44.9
2023-02-18,2.0,2,98,39.1
2023-02-19,4.0,0,95,30.1
2023-02-20,,2,96,7.5
2023-02-21,1.0,3,96,16.2
2023-02-22,2.0,0,97,23.5
2023-02-23,4.0,0,95,30.3
2023-02-24,2.0,0,107,14.8
2023-02-25,2.0,3,105,28.6
2023-02-26,3.0,0,100,19.6
2023-02-27,3.0,3,103,32.6
2023-02-28,1.0,2,96,40.8
2023-03-01,3.0,2,105,30.0
2023-03-02,4.0,1,104,40.6
2023-03-03,3.0,1,107,40.7
2023-03-04,2.0,2,105,20.2
2023-03-05,4.0,1,100,30.0
2023-03-06,1.0,0,104,23.1
2023-03-07,4.0,1,104,40.7
2023-03-08,0.0,3,97,0.4
2023-03-09,4.0,1,99,31.6
2023-03-10,2.0,3,104,17.9
2023-03-11,0.0,2,96,26.4
2023-03-12,1.0,1,107,0.1
2023-03-13,3.0,3,95,26.6
2023-03-14,3.0,2,99,12.9
2023-03-15,0.0,0,107,4.9
2023-03-16,2.0,2,104,37.9
2023-03-17,2.0,1,98,33.0
2023-03-18,4.0,3,103,32.1
2023-03-19,2.0,2,104,42.1
2023-03-20,2.0,1,104,8.0
2023-03-21,0.0,2,105,0.1
2023-03-22,3.0,3,106,18.8
2023-03-23,0.0,3,101,13.5
2023-03-24,4.0,2,103,25.5
2023-03-25,4.0,1,96,43.1
2023-03-26,2.0,1,95,38.9
2023-03-27,0.0,3,99,0.9
2023-03-28,0.0,0,109,11.5
2023-03-29,3.0,2,108,31.2
2023-03-30,3.0,3,97,18.7
2023-03-31,2.0,1,107,18.1
2023-04-01,4.0,1,95,49.1
2023-04-02,2.0,3,101,25.4
2023-04-03,4.0,2,109,7.4
2023-04-04,1.0,0,109,16.2
2023-04-05,4.0,0,107,36.4
2023-04-06,0.0,2,101,22.8
2023-04-07,1.0,1,108,36.2
2023-04-08,4.0,0,109,32.9
2023-04-09,2.0,0,106,30.5
2023-04-10,0.0,3,104,38.5
2023-04-11,2.0,3,98,19.2
2023-04-12,2.0,3,100,20.2
2023-04-13,0.0,2,103,6.9
2023-04-14,0.0,1,98,45.7
2023-04-15,4.0,3,108,8.6
2023-04-16,1.0,2,95,28.1
2023-04-17,1.0,3,108,31.4
2023-04-18,4.0,2,98,29.6
2023-04-19,1.0,3,98,4.0
2023-04-20,4.0,3,103,39.2
2023-04-21,2.0,2,108,2.8
2023-04-22,3.0,0,100,13.0
2023-04-23,1.0,1,104,31.7
2023-04-24,2.0,1,100,17.7
2023-04-25,4.0,2,106,6.8
2023-04-26,3.0,3,101,40.7
2023-04-27,2.0,2,105,21.8
2023-04-28,2.0,0,102,27.8
2023-04-29,1.0,0,99,45.5
2023-04-30,1.0,0,101,27.8
2023-05-01,4.0,1,107,9.6
2023-05-02,3.0,2,104,33.3
2023-05-03,1.0,3,104,9.8
2023-05-04,2.0,1,97,6.1
2023-05-05,1.0,3,106,29.0
2023-05-06,1.0,2,97,11.7
2023-05-07,1.0,2,102,43.1
2023-05-08,1.0,3,107,12.5
2023-05-09,0.0,1,107,20.0
2023-05-10,1.0,3,99,42.4
2023-05-11,3.0,0,107,34.8
2023-05-12,3.0,2,109,21.7
2023-05-13,2.0,3,98,33.4
2023-05-14,1.0,2,100,29.3
2023-05-15,4.0,3,95,3.6
2023-05-16,0.0,2,96,3.3
2023-05-17,4.0,1,101,26.9
2023-05-18,4.0,0,103,43.6
2023-05-19,2.0,1,98,0.7
2023-05-20,2.0,2,95,28.3
2023-05-21,2.0,1,107,34.3
2023-05-22,0.0,1,100,29.8
2023-05-23,4.0,2,104,20.2
2023-05-24,0.0,0,102,8.8
2023-05-25,1.0,0,109,37.4
2023-05-26,4.0,1,101,47.9
2023-05-27,1.0,1,108,25.2
2023-05-28,3.0,1,102,41.6
2023-05-29,0.0,1,108,9.2
2023-05-30,1.0,3,99,29.6
2023-05-31,3.0,2,101,36.6
2023-06-01,3.0,2,97,24.4
2023-06-02,2.0,2,101,21.4
2023-06-03,3.0,0,108,8.2
2023-06-04,2.0,0,100,3.5
2023-06-05,1.0,0,100,41.3
2023-06-06,3.0,1,105,0.5
2023-06-07,4.0,1,105,3.3
2023-06-08,1.0,1,109,48.8
2023-06-09,2.0,2,97,10.8
2023-06-10,2.0,1,100,38.5
2023-06-11,4.0,2,99,10.9
2023-06-12,1.0,2,108,14.5
2023-06-13,1.0,3,95,49.2
2023-06-14,4.0,0,100,22.6
2023-06-15,2.0,3,98,30.9
2023-06-16,2.0,0,97,30.7
2023-06-17,2.0,1,97,36.2
2023-06-18,4.0,2,99,13.8
2023-06-19,4.0,2,109,15.8
2023-06-20,4.0,2,100,7.3
2023-06-21,3.0,2,101,11.8
2023-06-22,4.0,3,103,10.0
2023-06-23,3.0,3,105,17.7
2023-06-24,3.0,1,108,4.9
2023-06-25,1.0,1,103,47.5
2023-06-26,3.0,0,96,9.3
2023-06-27,3.0,0,95,43.4
2023-06-28,1.0,2,103,40.3
2023-06-29,2.0,3,99,24.2
2023-06-30,2.0,1,105,7.7
2023-07-01,1.0,3,102,14.9
2023-07-02,0.0,2,106,35.0
2023-07-03,1.0,2,100,38.3
2023-07-04,2.0,3,103,23.6
2023-07-05,0.0,3,107,20.8
2023-07-06,0.0,3,99,32.7
2023-07-07,0.0,0,103,0.4
2023-07-08,0.0,1,106,14.4
2023-07-09,1.0,3,102,23.8
2023-07-10,3.0,3,104,1.6
2023-07-11,1.0,2,100,4.9
2023-07-12,3.0,1,102,32.8
2023-07-13,0.0,1,99,5.7
2023-07-14,3.0,0,108,3.7
2023-07-15,3.0,2,101,24.7
2023-07-16,3.0,3,106,33.8
2023-07-17,0.0,1,109,37.3
2023-07-18,0.0,3,103,40.8
2023-07-19,0.0,2,95,46.2
2023-07-20,3.0,0,100,34.1
2023-07-21,0.0,3,97,12.4
2023-07-22,3.0,3,106,14.8
2023-07-23,4.0,2,102,13.4
2023-07-24,1.0,1,96,4.0
2023-07-25,0.0,3,100,15.0
2023-07-26,4.0,2,108,16.8
2023-07-27,1.0,3,100,20.4
2023-07-28,3.0,3,98,45.9
2023-07-29,0.0,3,97,40.0
2023-07-30,2.0,1,102,23.4
2023-07-31,3.0,0,101,15.8
2023-08-01,2.0,0,98,11.5
2023-08-02,4.0,0,98,4.6
2023-08-03,0.0,3,109,47.5
2023-08-04,2.0,2,100,12.3
2023-08-05,3.0,0,109,49.9
2023-08-06,3.0,3,101,20.6
2023-08-07,1.0,2,103,15.1
2023-08-08,2.0,1,99,23.4
2023-08-09,2.0,2,96,49.7
2023-08-10,4.0,2,99,36.4
2023-08-11,3.0,0,95,37.2
2023-08-12,2.0,1,106,10.5
2023-08-13,3.0,3,98,18.4
2023-08-14,1.0,2,101,2.8
2023-08-15,4.0,1,97,6.6
2023-08-16,3.0,3,105,29.4
2023-08-17,3.0,2,104,27.4
2023-08-18,1.0,1,98,18.4
2023-08-19,3.0,0,105,38.8
2023-08-20,1.0,0,104,14.0
2023-08-21,0.0,2,102,33.7
2023-08-22,3.0,3,101,25.5
2023-08-23,1.0,0,106,22.6
2023-08-24,1.0,1,103,37.9
2023-08-25,3.0,3,100,33.1
2023-08-26,4.0,3,105,42.7
2023-08-27,4.0,2,104,49.5
2023-08-28,4.0,1,105,44.4
2023-08-29,4.0,3,105,31.9
2023-08-30,0.0,3,97,6.8
2023-08-31,1.0,1,105,47.3
2023-09-01,0.0,0,103,34.3
2023-09-02,1.0,2,106,9.1
2023-09-03,1.0,3,99,47.5
2023-09-04,2.0,0,103,49.2
2023-09-05,0.0,0,104,2.4
2023-09-06,0.0,3,100,0.7
2023-09-07,1.0,2,97,35.2
2023-09-08,4.0,0,106,9.0
2023-09-09,1.0,1,102,41.6
2023-09-10,3.0,2,98,10.1
2023-09-11,3.0,0,104,40.6
2023-09-12,2.0,1,103,38.4
2023-09-13,2.0,3,109,2.5
2023-09-14,2.0,0,97,28.9
2023-09-15,3.0,1,109,41.5
2023-09-16,3.0,1,95,32.4
2023-09-17,0.0,3,106,45.0
2023-09-18,1.0,1,98,5.5
2023-09-19,4.0,2,97,21.0
2023-09-20,3.0,1,102,35.5
2023-09-21,4.0,3,104,34.0
2023-09-22,4.0,0,101,36.3
2023-09-23,3.0,0,104,21.5
2023-09-24,1.0,0,107,38.4
2023-09-25,3.0,1,96,21.4
2023-09-26,2.0,2,95,14.4
2023-09-27,4.0,3,99,12.5
2023-09-28,4.0,3,100,23.4
2023-09-29,1.0,1,108,7.2
2023-09-30,1.0,2,100,42.9
2023-10-01,3.0,1,106,17.8
2023-10-02,0.0,0,100,44.9
2023-10-03,0.0,0,102,28.4
2023-10-04,1.0,3,99,6.1
2023-10-05,0.0,1,109,42.2
2023-10-06,4.0,3,95,20.5
2023-10-07,3.0,1,106,14.9
2023-10-08,2.0,2,101,16.0
2023-10-09,4.0,2,102,14.1
2023-10-10,0.0,1,102,32.8
2023-10-11,3.0,1,101,24.8
2023-10-12,1.0,1,104,20.2
2023-10-13,0.0,3,98,30.5
2023-10-14,1.0,3,105,18.7
2023-10-15,1.0,1,108,21.2
2023-10-16,3.0,3,98,23.6
2023-10-17,1.0,3,107,43.5
2023-10-18,0.0,0,102,7.9
2023-10-19,4.0,3,102,48.2
2023-10-20,1.0,2,100,41.1
2023-10-21,3.0,3,95,2.2
2023-10-22,1.0,1,100,22.5
2023-10-23,2.0,0,107,28.7
2023-10-24,4.0,3,96,2.2
2023-10-25,3.0,2,99,2.0
2023-10-26,4.0,0,109,9.5
2023-10-27,2.0,1,103,29.5
2023-10-28,4.0,0,109,21.5
2023-10-29,0.0,3,104,30.2
2023-10-30,2.0,1,99,44.3
2023-10-31,4.0,3,106,22.8
2023-11-01,3.0,0,109,0.6
2023-11-02,2.0,3,100,0.5
2023-11-03,1.0,1,109,43.8
2023-11-04,0.0,2,103,3.6
2023-11-05,0.0,0,102,0.7
2023-11-06,1.0,2,104,8.5
2023-11-07,4.0,2,103,43.0
2023-11-08,2.0,3,105,27.4
2023-11-09,0.0,0,101,38.8
2023-11-10,2.0,3,109,33.0
2023-11-11,3.0,1,109,40.7
2023-11-12,0.0,0,97,47.3
2023-11-13,2.0,0,103,8.5
2023-11-14,0.0,0,97,45.5
2023-11-15,2.0,3,98,8.2
2023-11-16,3.0,1,108,1.3
2023-11-17,3.0,0,99,16.3
2023-11-18,3.0,2,99,10.4
2023-11-19,0.0,1,97,30.0
2023-11-20,3.0,0,106,8.5
2023-11-21,1.0,3,101,10.6
2023-11-22,4.0,0,97,29.8
2023-11-23,2.0,1,109,48.0
2023-11-24,4.0,2,103,30.3
2023-11-25,3.0,0,108,20.7
2023-11-26,1.0,3,103,39.5
2023-11-27,1.0,3,97,40.5
2023-11-28,2.0,2,100,7.1
2023-11-29,0.0,3,96,28.5
2023-11-30,0.0,1,103,35.6
2023-12-01,3.0,0,95,45.6
2023-12-02,2.0,0,100,44.2
2023-12-03,2.0,1,96,1.9
2023-12-04,0.0,3,105,36.3
2023-12-05,3.0,2,103,21.4
2023-12-06,0.0,0,102,7.1
2023-12-07,3.0,1,98,25.3
2023-12-08,4.0,3,101,27.4
2023-12-09,0.0,3,101,22.5
2023-12-10,2.0,2,103,40.4
2023-12-11,3.0,2,107,38.7
2023-12-12,2.0,2,99,40.1
2023-12-13,3.0,2,97,13.4
2023-12-14,0.0,1,103,2.6
2023-12-15,1.0,0,97,38.2
2023-12-16,4.0,3,109,40.9
2023-12-17,3.0,3,98,7.8
2023-12-18,0.0,3,96,2.8
2023-12-19,0.0,0,106,23.7
2023-12-20,4.0,3,109,17.4
2023-12-21,0.0,3,99,35.1
2023-12-22,3.0,1,95,10.5
2023-12-23,2.0,3,95,10.2
2023-12-24,0.0,3,97,6.1
2023-12-25,0.0,0,100,6.2
2023-12-26,2.0,2,106,4.1
2023-12-27,0.0,3,98,43.2
2023-12-28,3.0,1,103,38.6
2023-12-29,2.0,3,95,33.5
2023-12-30,4.0,2,105,4.5
2023-12-31,3.0,1,108,13.3
