employee_id,first_name,last_name,email,phone_number,job_id,salary,commission_pct,manager_id,department_id
100,Steven,King,SKING,515.123.4567,AD_PRES,24000.0,,,90.0
101,N_ann,Kochhar,NKOCHHAR,515.123.4568,AD_VP,17000.0,,100.0,90.0
102,Lex,De Haan,LDEHAAN,515.123.4569,AD_VP,17000.0,,100.0,90.0
103,Alexander,Hunold,AHUNOLD,590.423.4567,IT_PROG,9000.0,,102.0,60.0
104,Bruce,Ernst,BERNST,590.423.4568,IT_PROG,6000.0,,103.0,60.0
105,David,Austin,DAUSTIN,515.123.4572,PU_CLERK,8200.0,114.0,101.0,40.0
106,Valli,Pataballa,VPATABAL,515.123.4573,PR_REP,9000.0,108.0,102.0,110.0
107,Diana,Lorentz,DLORENTZ,515.123.4574,IT_PROG,9000.0,102.0,205.0,60.0
108,Nancy,Greenberg,NGREENBE,515.123.4575,PU_CLERK,24000.0,,,110.0
109,Daniel,Faviet,DFAVIET,515.123.4576,AC_MGR,6500.0,108.0,,70.0
110,John,Chen,JCHEN,515.123.4577,AC_MGR,4800.0,101.0,102.0,40.0
111,Ismael,Sciarra,ISCIARRA,515.123.4578,MK_REP,7800.0,,102.0,70.0
112,Jose,Urman,JURMAN,515.123.4579,FI_ACCOUNT,12000.0,102.0,102.0,60.0
113,Luis,Popp,LPOPP,515.123.4580,FI_MGR,7800.0,100.0,103.0,70.0
114,Den,Raphaely,DRAPHAEL,515.123.4581,MK_REP,7700.0,103.0,201.0,100.0
115,Name_15,Last_15,NLAST_15,515.123.4582,MK_REP,10000.0,114.0,,60.0
116,Name_16,Last_16,NLAST_16,515.123.4583,IT_PROG,12000.0,102.0,103.0,60.0
117,Name_17,Last_17,NLAST_17,515.123.4584,PU_MAN,7700.0,108.0,102.0,60.0
118,Name_18,Last_18,NLAST_18,515.123.4585,FI_ACCOUNT,8200.0,,,90.0
119,Name_19,Last_19,NLAST_19,515.123.4586,AD_VP,10000.0,103.0,103.0,110.0
120,Name_20,Last_20,NLAST_20,515.123.4587,MK_REP,17000.0,,201.0,90.0
121,Name_21,Last_21,NLAST_21,515.123.4588,AC_ACCOUNT,24000.0,108.0,103.0,90.0
122,Name_22,Last_22,NLAST_22,515.123.4589,PU_MAN,2900.0,,201.0,100.0
123,Name_23,Last_23,NLAST_23,515.123.4590,AD_VP,12000.0,100.0,102.0,40.0
124,Name_24,Last_24,NLAST_24,515.123.4591,AC_ACCOUNT,12000.0,103.0,201.0,110.0
125,Name_25,Last_25,NLAST_25,515.123.4592,FI_ACCOUNT,11000.0,103.0,,70.0
126,Name_26,Last_26,NLAST_26,515.123.4593,AD_PRES,8200.0,108.0,102.0,20.0
127,Name_27,Last_27,NLAST_27,515.123.4594,AC_ACCOUNT,4800.0,114.0,,60.0
128,Name_28,Last_28,NLAST_28,515.123.4595,PR_REP,9000.0,100.0,101.0,70.0
129,Name_29,Last_29,NLAST_29,515.123.4596,PU_MAN,10000.0,102.0,100.0,60.0
130,Name_30,Last_30,NLAST_30,515.123.4597,AC_ACCOUNT,8200.0,,201.0,100.0
131,Name_31,Last_31,NLAST_31,515.123.4598,HR_REP,4200.0,101.0,100.0,60.0
132,Name_32,Last_32,NLAST_32,515.123.4599,AD_PRES,6500.0,,100.0,90.0
133,Name_33,Last_33,NLAST_33,515.123.4600,AC_MGR,9000.0,,201.0,110.0
134,Name_34,Last_34,NLAST_34,515.123.4601,AC_MGR,24000.0,102.0,102.0,20.0
135,Name_35,Last_35,NLAST_35,515.123.4602,PR_REP,9000.0,,101.0,30.0
136,Name_36,Last_36,NLAST_36,515.123.4603,AC_ACCOUNT,4800.0,100.0,,60.0
137,Name_37,Last_37,NLAST_37,515.123.4604,AC_ACCOUNT,3100.0,100.0,103.0,70.0
138,Name_38,Last_38,NLAST_38,515.123.4605,IT_PROG,11000.0,103.0,,90.0
139,Name_39,Last_39,NLAST_39,515.123.4606,AC_ACCOUNT,9000.0,108.0,103.0,30.0
140,Name_40,Last_40,NLAST_40,515.123.4607,PU_CLERK,24000.0,114.0,,20.0
141,Name_41,Last_41,NLAST_41,515.123.4608,FI_MGR,4800.0,101.0,201.0,30.0
142,Name_42,Last_42,NLAST_42,515.123.4609,HR_REP,7800.0,,101.0,90.0
143,Name_43,Last_43,NLAST_43,515.123.4610,IT_PROG,12000.0,,103.0,110.0
144,Name_44,Last_44,NLAST_44,515.123.4611,FI_ACCOUNT,3100.0,102.0,205.0,110.0
145,Name_45,Last_45,NLAST_45,515.123.4612,IT_PROG,11000.0,108.0,102.0,40.0
146,Name_46,Last_46,NLAST_46,515.123.4613,PU_CLERK,12000.0,100.0,,110.0
147,Name_47,Last_47,NLAST_47,515.123.4614,FI_ACCOUNT,6500.0,101.0,,40.0
148,Name_48,Last_48,NLAST_48,515.123.4615,HR_REP,7700.0,103.0,103.0,30.0
149,Name_49,Last_49,NLAST_49,515.123.4616,PU_CLERK,3100.0,100.0,102.0,100.0
150,Name_50,Last_50,NLAST_50,515.123.4617,AD_VP,3100.0,108.0,102.0,70.0
151,Name_51,Last_51,NLAST_51,515.123.4618,FI_MGR,7800.0,114.0,201.0,70.0
152,Name_52,Last_52,NLAST_52,515.123.4619,HR_REP,7800.0,103.0,205.0,30.0
153,Name_53,Last_53,NLAST_53,515.123.4620,AC_ACCOUNT,10000.0,114.0,201.0,60.0
154,Name_54,Last_54,NLAST_54,515.123.4621,AD_VP,8300.0,102.0,201.0,60.0
155,Name_55,Last_55,NLAST_55,515.123.4622,PR_REP,9000.0,102.0,201.0,110.0
156,Name_56,Last_56,NLAST_56,515.123.4623,HR_REP,3100.0,,201.0,70.0
157,Name_57,Last_57,NLAST_57,515.123.4624,PR_REP,2900.0,114.0,201.0,70.0
158,Name_58,Last_58,NLAST_58,515.123.4625,FI_ACCOUNT,12000.0,108.0,101.0,40.0
159,Name_59,Last_59,NLAST_59,515.123.4626,AD_VP,24000.0,101.0,102.0,100.0
160,Name_60,Last_60,NLAST_60,515.123.4627,FI_MGR,6000.0,103.0,201.0,90.0
161,Name_61,Last_61,NLAST_61,515.123.4628,AC_ACCOUNT,8300.0,100.0,102.0,60.0
162,Name_62,Last_62,NLAST_62,515.123.4629,AC_ACCOUNT,2900.0,108.0,102.0,70.0
163,Name_63,Last_63,NLAST_63,515.123.4630,PU_CLERK,6000.0,108.0,100.0,40.0
164,Name_64,Last_64,NLAST_64,515.123.4631,AC_ACCOUNT,11000.0,102.0,101.0,20.0
165,Name_65,Last_65,NLAST_65,515.123.4632,MK_REP,4800.0,114.0,201.0,40.0
166,Name_66,Last_66,NLAST_66,515.123.4633,IT_PROG,12000.0,,,60.0
167,Name_67,Last_67,NLAST_67,515.123.4634,AD_PRES,12000.0,,103.0,60.0
168,Name_68,Last_68,NLAST_68,515.123.4635,FI_MGR,8300.0,103.0,205.0,40.0
169,Name_69,Last_69,NLAST_69,515.123.4636,AD_VP,3100.0,102.0,,90.0
170,Name_70,Last_70,NLAST_70,515.123.4637,MK_REP,6500.0,108.0,101.0,30.0
171,Name_71,Last_71,NLAST_71,515.123.4638,FI_MGR,8300.0,101.0,103.0,60.0
172,Name_72,Last_72,NLAST_72,515.123.4639,AD_VP,6000.0,102.0,101.0,40.0
173,Name_73,Last_73,NLAST_73,515.123.4640,PU_MAN,8300.0,103.0,102.0,70.0
174,Name_74,Last_74,NLAST_74,515.123.4641,PU_MAN,2900.0,103.0,103.0,40.0
175,Name_75,Last_75,NLAST_75,515.123.4642,PR_REP,12000.0,102.0,102.0,100.0
176,Name_76,Last_76,NLAST_76,515.123.4643,FI_MGR,6500.0,103.0,,30.0
177,Name_77,Last_77,NLAST_77,515.123.4644,PU_MAN,9000.0,102.0,,20.0
178,Name_78,Last_78,NLAST_78,515.123.4645,AD_VP,4200.0,100.0,103.0,90.0
179,Name_79,Last_79,NLAST_79,515.123.4646,PR_REP,10000.0,102.0,103.0,110.0
180,Name_80,Last_80,NLAST_80,515.123.4647,AC_ACCOUNT,17000.0,114.0,201.0,20.0
181,Name_81,Last_81,NLAST_81,515.123.4648,AD_VP,7800.0,102.0,101.0,30.0
182,Name_82,Last_82,NLAST_82,515.123.4649,PR_REP,8300.0,103.0,201.0,30.0
183,Name_83,Last_83,NLAST_83,515.123.4650,FI_MGR,11000.0,114.0,101.0,30.0
184,Name_84,Last_84,NLAST_84,515.123.4651,MK_REP,7700.0,103.0,201.0,20.0
185,Name_85,Last_85,NLAST_85,515.123.4652,PU_CLERK,4800.0,,102.0,70.0
186,Name_86,Last_86,NLAST_86,515.123.4653,AC_ACCOUNT,4200.0,,103.0,30.0
187,Name_87,Last_87,NLAST_87,515.123.4654,HR_REP,10000.0,114.0,,40.0
188,Name_88,Last_88,NLAST_88,515.123.4655,MK_REP,10000.0,100.0,101.0,20.0
189,Name_89,Last_89,NLAST_89,515.123.4656,FI_ACCOUNT,10000.0,,101.0,110.0
190,Name_90,Last_90,NLAST_90,515.123.4657,AD_VP,10000.0,102.0,,30.0
191,Name_91,Last_91,NLAST_91,515.123.4658,FI_ACCOUNT,6000.0,103.0,201.0,40.0
192,Name_92,Last_92,NLAST_92,515.123.4659,MK_REP,11000.0,,101.0,70.0
193,Name_93,Last_93,NLAST_93,515.123.4660,PR_REP,11000.0,,205.0,100.0
194,Name_94,Last_94,NLAST_94,515.123.4661,HR_REP,6500.0,100.0,102.0,70.0
195,Name_95,Last_95,NLAST_95,515.123.4662,AC_ACCOUNT,2900.0,114.0,103.0,110.0
196,Name_96,Last_96,NLAST_96,515.123.4663,AC_ACCOUNT,7800.0,114.0,,30.0
197,Name_97,Last_97,NLAST_97,515.123.4664,AC_ACCOUNT,12000.0,108.0,103.0,110.0
198,Name_98,Last_98,NLAST_98,515.123.4665,HR_REP,10000.0,100.0,205.0,20.0
199,Name_99,Last_99,NLAST_99,515.123.4666,AD_PRES,7700.0,102.0,101.0,60.0
200,Name_100,Last_100,NLAST_10,515.123.4667,HR_REP,12000.0,114.0,101.0,30.0
201,Name_101,Last_101,NLAST_10,515.123.4668,PU_CLERK,11000.0,103.0,205.0,60.0
202,Pat,Fay,PFAY,603.123.6666,MK_REP,6000.0,,201.0,20.0
203,Susan,Mavris,SMAVRIS,515.123.7777,HR_REP,6500.0,,101.0,40.0
204,Hermann,Baer,HBAER,515.123.8888,PR_REP,10000.0,,101.0,70.0
205,Shelley,Higgins,SHIGGINS,515.123.8080,AC_MGR,12000.0,,101.0,110.0
206,William,Gietz,WGIETZ,515.123.8181,AC_ACCOUNT,8300.0,,205.0,110.0
