species,island,bill_length_mm,bill_depth_mm,flipper_length_mm,body_mass_g,sex
Adelie,Torgersen,39.1,18.7,181.0,3750.0,Male
Adelie,Torgersen,39.5,17.4,186.0,3800.0,Female
Adelie,Torgersen,40.3,18.0,195.0,3250.0,Female
Adelie,Torgersen,,,,,nan
Adelie,Torgersen,36.7,19.3,193.0,3450.0,Female
Adelie,Torgersen,48.0,17.7,175.6,5813.0,Female
Gentoo,Dream,50.3,13.2,189.5,5626.4,Male
Chinstrap,Torgersen,32.4,13.3,228.0,6299.0,Female
Gentoo,Dream,45.8,19.6,228.0,6287.9,Female
Gentoo,Biscoe,38.1,15.9,205.0,4699.6,Female
Gentoo,Dream,49.4,14.0,208.5,5468.4,Male
Gentoo,Torgersen,36.7,17.2,197.4,6101.2,Male
Adelie,Torgersen,50.7,19.2,187.9,5758.7,Male
Gentoo,Biscoe,42.4,14.7,190.0,3590.5,Male
Chinstrap,Dream,57.3,18.0,211.0,4322.0,Female
Adelie,Dream,35.7,13.7,215.9,3165.0,Female
Chinstrap,Biscoe,41.2,13.4,218.3,6134.6,Male
Chinstrap,Dream,35.1,17.3,218.2,4882.2,nan
Chinstrap,Dream,57.0,17.3,175.6,3523.1,Female
Chinstrap,Torgersen,55.7,18.1,200.2,5118.1,Male
Adelie,Dream,39.0,18.8,173.5,4925.3,Male
Adelie,Dream,49.8,20.8,203.5,3989.4,Male
Chinstrap,Biscoe,54.1,17.1,196.9,3108.8,Male
Chinstrap,Biscoe,47.0,15.6,224.1,5117.7,Male
Adelie,Torgersen,46.3,19.4,191.4,4573.1,Male
Adelie,Dream,38.5,15.2,177.1,5480.3,Male
Adelie,Dream,34.5,16.5,178.7,4572.6,Male
Gentoo,Dream,56.2,13.6,216.5,5767.9,Female
Gentoo,Torgersen,56.3,13.2,207.7,4686.9,Male
Gentoo,Torgersen,49.1,20.7,176.2,4719.4,Female
Chinstrap,Biscoe,41.2,19.7,175.1,5856.0,Male
Gentoo,Torgersen,41.4,18.6,212.8,4152.5,nan
Chinstrap,Dream,51.6,16.3,174.4,3182.5,Male
Chinstrap,Dream,56.2,14.4,220.1,2803.6,Male
Gentoo,Torgersen,56.0,14.3,213.1,5418.5,nan
Chinstrap,Dream,53.1,15.0,175.0,4933.1,Female
Gentoo,Dream,49.3,17.4,175.2,5234.7,Female
Gentoo,Torgersen,34.3,18.7,230.2,3466.7,Male
Adelie,Torgersen,36.4,18.3,192.8,3190.9,Male
Gentoo,Dream,56.3,15.2,192.6,2752.4,Female
Adelie,Dream,48.4,20.6,219.6,3962.1,Female
Gentoo,Dream,32.2,18.9,227.8,4823.7,Female
Gentoo,Biscoe,34.7,17.4,230.1,4112.1,Female
Adelie,Biscoe,49.9,17.9,216.0,4274.9,Male
Adelie,Biscoe,32.1,16.4,193.0,5955.0,Female
Gentoo,Torgersen,36.3,15.0,175.1,3953.7,Male
Chinstrap,Biscoe,46.8,15.8,217.4,4550.4,Male
Adelie,Torgersen,50.7,19.1,204.1,5521.2,Male
Chinstrap,Torgersen,49.6,13.1,195.9,4127.6,Female
Chinstrap,Biscoe,38.1,13.9,225.3,4939.5,Male
Chinstrap,Biscoe,51.2,13.4,176.8,5804.5,Male
Adelie,Biscoe,38.4,13.3,200.1,6118.3,Female
Chinstrap,Dream,40.8,19.8,170.7,3229.5,Male
Adelie,Biscoe,52.2,18.6,198.6,6035.7,Female
Chinstrap,Dream,49.5,16.8,173.4,4471.6,Male
Gentoo,Torgersen,54.9,13.8,177.2,3629.7,Female
Gentoo,Dream,49.8,16.9,177.2,4352.9,Female
Adelie,Biscoe,47.3,16.8,209.6,6228.1,Male
Gentoo,Torgersen,34.5,14.4,215.5,4473.4,Male
Gentoo,Torgersen,41.9,16.5,205.6,3883.5,Male
Chinstrap,Torgersen,39.2,16.2,228.7,4980.2,Male
Adelie,Dream,38.6,17.9,192.9,3564.5,nan
Chinstrap,Biscoe,58.3,18.1,187.4,2973.1,Male
Chinstrap,Torgersen,42.6,13.4,223.0,3164.0,Female
Chinstrap,Torgersen,56.1,16.0,183.6,3161.0,Male
Chinstrap,Torgersen,49.0,18.0,228.8,3246.8,Female
Chinstrap,Dream,53.5,17.0,170.7,3199.8,Female
Chinstrap,Dream,45.6,19.9,229.2,5007.1,Female
Chinstrap,Biscoe,47.6,18.3,172.6,3354.8,Male
Adelie,Dream,45.3,14.3,224.4,3944.4,Male
Gentoo,Torgersen,37.3,13.6,202.2,5928.4,Male
Chinstrap,Biscoe,51.5,18.1,230.6,4406.3,Female
Chinstrap,Torgersen,39.6,13.2,174.5,5103.2,Female
Chinstrap,Torgersen,32.7,17.7,203.8,3320.4,nan
Chinstrap,Dream,49.4,20.5,229.1,3392.2,Male
Chinstrap,Biscoe,36.8,17.6,201.9,2847.1,Female
Chinstrap,Dream,57.4,16.1,208.4,3308.2,Female
Gentoo,Dream,57.8,18.1,212.4,3702.9,Male
Gentoo,Biscoe,56.7,16.7,197.7,3337.2,Male
Chinstrap,Torgersen,42.0,17.4,208.3,3019.3,Female
Gentoo,Torgersen,32.4,20.5,205.6,3134.3,Female
Adelie,Biscoe,57.1,16.1,225.0,4358.8,Female
Chinstrap,Torgersen,43.6,20.7,172.8,3442.8,Male
Adelie,Biscoe,58.1,20.2,187.1,4011.4,Female
Adelie,Biscoe,58.0,14.6,228.0,4512.3,Male
Chinstrap,Dream,55.0,13.6,224.3,5185.4,Male
Gentoo,Biscoe,40.0,13.8,197.8,2841.5,Male
Adelie,Dream,42.4,13.1,207.8,5577.9,Female
Chinstrap,Torgersen,55.0,13.8,186.9,4960.4,Female
Adelie,Torgersen,40.6,18.5,181.5,2994.3,Female
Adelie,Torgersen,36.6,13.6,198.3,5844.9,Male
Adelie,Torgersen,47.0,15.6,191.6,6015.1,Female
Adelie,Dream,57.3,19.8,205.6,2919.9,Male
Gentoo,Torgersen,50.8,13.2,174.7,3696.8,Female
Adelie,Biscoe,47.4,19.5,229.4,5602.3,Male
Adelie,Biscoe,34.6,15.3,230.2,5393.7,Male
Adelie,Biscoe,48.6,13.9,212.6,3364.3,Male
Gentoo,Dream,58.7,18.6,202.7,3453.7,Male
Adelie,Torgersen,35.8,18.0,188.9,4033.7,Female
Adelie,Torgersen,46.0,20.0,219.6,4444.3,Female
Gentoo,Torgersen,55.7,18.9,211.8,4925.7,Male
Gentoo,Dream,52.0,19.4,179.9,4028.1,Female
Gentoo,Biscoe,50.8,15.3,225.6,4365.1,Male
Adelie,Biscoe,51.0,14.4,220.2,5390.9,Female
Gentoo,Torgersen,41.7,19.0,227.9,2832.1,Female
Gentoo,Biscoe,39.9,19.5,214.3,3608.8,Female
Adelie,Biscoe,53.9,20.9,207.4,5268.1,Male
Gentoo,Dream,53.9,16.3,195.5,5922.7,Female
Adelie,Dream,55.4,16.0,226.9,4542.0,Female
Chinstrap,Dream,56.7,19.2,222.8,4615.6,Male
Gentoo,Dream,45.8,15.7,172.8,3085.8,Male
Chinstrap,Torgersen,45.5,20.4,171.6,4310.7,Female
Adelie,Dream,53.6,19.9,193.0,4617.4,Female
Gentoo,Biscoe,49.5,16.4,219.4,3572.9,Female
Adelie,Torgersen,51.0,19.0,230.2,3669.3,Female
Chinstrap,Biscoe,53.5,19.0,179.2,4058.2,Female
Adelie,Biscoe,56.0,13.8,206.2,2772.3,Male
Gentoo,Biscoe,41.1,20.2,193.2,3859.5,Male
Gentoo,Dream,42.1,17.0,229.2,3461.2,Male
Chinstrap,Dream,34.5,19.6,221.4,3879.0,Female
